id,word,createdAt
cmjgji4bm058jknhmnz7srreu,prosperous,2025-09-09 13:57:21.513
cmjgji49z0583knhmzkmhh8s3,patience,2025-09-12 04:33:40.302
cmjgji47j057fknhm0sw7alp6,foreign,2025-09-13 10:39:22.639
cmjgji44x056yknhmkxkd00z4,receive,2025-09-15 12:25:27.285
cmjgji42r056jknhmoki1shel,fascinate,2025-09-15 14:40:29.408
cmjgji42y056nknhmprprp5y3,fascinate,2025-09-16 07:23:49.909
cmjgji42c056aknhmspbd5obi,resilience,2025-09-16 12:31:22.498
cmjgji40q0562knhmgkfpj8kg,resilience,2025-09-17 11:59:53.105
cmjgji40b055tknhmucnwib6j,assumption,2025-09-17 13:55:26.683
cmjgji3sl0547knhmrzeq5u8b,clouds,2025-09-19 09:30:18.914
cmjgji3qy053yknhmuwdkkouv,definitely,2025-09-19 10:23:44.051
cmjgji3qo053sknhmkvq6nnc3,clouds,2025-09-19 12:31:29.058
cmjgji3q6053gknhmsj6qfnbu,tomorrow,2025-09-19 13:07:33.507
cmjgji3oy0539knhmtp42pbsf,definitely,2025-09-19 14:44:48.462
cmjgji3jw051qknhmd8j01z9n,disease,2025-09-20 13:55:32.947
cmjgji2md04s6knhmilbz53ls,visited,2025-09-30 13:16:07.872
cmjgji29704o8knhmhphhgvtd,morning,2025-10-03 02:32:33.146
cmjgji1dy04elknhmt6f966x1,grammar,2025-10-09 13:06:18.595
cmjgjhzxu03znknhmvxdr8xd7,criticize,2025-10-17 13:45:12.789
cmjgjhzs103xtknhm2utivsnb,calm,2025-10-18 14:29:20.04
cmjgjhzkg03vjknhmuhk3197e,calendar,2025-10-21 14:49:12.894
cmjgjhzda03tlknhmztjdbums,calendar,2025-10-22 13:38:00.508
cmjgjhzba03swknhm80uj5xag,calendar,2025-10-22 15:46:23.767
cmjgjhza603spknhmvoqrqdu9,february,2025-10-22 16:37:59.443
cmjgjhz9h03s8knhmrpaityyz,calendar,2025-10-23 12:16:28.926
cmjgjhz6c03raknhmfl00kne8,calendar,2025-10-23 13:12:42.917
cmjgjhyvp03o9knhmidcvxi2c,tomorrow,2025-10-24 12:52:35.463
cmjgjhytq03njknhmnxt76wd8,village,2025-10-24 13:09:23.79
cmjgjhyi703jzknhm2gz0btof,and,2025-10-26 08:29:30.457
cmjgjhyi603jyknhmibd27gix,every,2025-10-27 06:55:47.178
cmjgjhygo03joknhmx1yxbeyb,every,2025-10-27 08:15:08.198
cmjgjhxu103d3knhm3i7432sr,village,2025-10-28 17:25:37.779
cmjgjhxot03bhknhmgf10wwoj,between,2025-10-29 13:26:10.518
cmjgjhxeo038gknhm1mgsiz1g,village,2025-10-30 14:05:14.658
cmjgjhxb1037eknhml1sxkhc5,calendar,2025-10-30 16:26:50.432
cmjgjhx8y036qknhmnimxqq89,village,2025-10-31 11:13:09.039
cmjgjhx7q036iknhmiaxjpd3q,calendar,2025-10-31 12:11:10.718
cmjgjhx2s034wknhm48hcmnsi,word,2025-10-31 14:05:37.875
cmjgjhww60332knhmrmmjwtic,because,2025-11-01 11:10:13.508
cmjgjhwt80323knhmmgp354v7,village,2025-11-01 12:37:04.937
cmjgjhwoc030uknhmuivdvw7h,village,2025-11-01 13:49:56.397
cmjgjhwly02zxknhmn04a1dll,village,2025-11-01 14:52:48.904
cmjgjhwl102zuknhmwi3mpjpo,umbrella,2025-11-01 15:00:52.943
cmjgjhwfo02y4knhmp8jwaue9,umbrella,2025-11-02 12:35:15.042
cmjgjhwcx02xiknhmhxufg5pe,village,2025-11-02 13:42:35.661
cmjgjifd008byknhmzsrqkkdu,climate,2025-11-03 00:00:00
cmjgjhw0x02u3knhmiz8qxfu8,minute,2025-11-03 13:14:33.489
cmjgjhsbi01r9knhmt9wacfhj,school,2025-11-17 14:04:48.947
cmjgjhs9s01qoknhm42ftijee,believe,2025-11-17 16:31:45.907
cmjgjhrrg01l7knhmxqarxxdu,believe,2025-11-22 16:24:39.455
cmjgjhrpq01kqknhm8hv5iw7g,restaurant,2025-11-24 14:43:22.243
cmjgjhrmu01jwknhmtdful5wq,restaurant,2025-11-24 16:31:27.455
cmjgjhrkg01jdknhmaxjei71h,beautiful,2025-11-25 02:23:40.752
cmjgjhrk501j7knhmhoxtd1b1,village,2025-11-25 10:43:46.816
cmjgjhrgb01i2knhmyrd72u5w,believe,2025-11-25 16:12:18.162
cmjgjhre101hfknhm1a7mczcf,believe,2025-11-26 13:22:39.082
cmjgjhr8y01g2knhm5h380w6g,apple,2025-11-27 04:57:17.399
cmjgjhr8g01frknhm9mniv9l0,apple,2025-11-27 08:03:07.709
cmjgjhr3a01e9knhmbsilsc0k,restaurant,2025-11-28 13:33:29.218
cmjgjhqy001coknhmymbf7dai,library,2025-11-29 02:35:25.912
cmjgjhqp601a1knhm1l7jnyjl,believe,2025-12-02 11:24:29.026
cmjgjhqos019sknhm8trrxs44,believe,2025-12-02 12:19:18.141
cmjgjhqne019iknhmvtia1dws,school,2025-12-02 12:35:28.327
cmjgjhqn3019cknhmdmsbshiv,believe,2025-12-02 14:53:46.056
cmjgjhql9018vknhmvv72l06s,believe,2025-12-02 15:35:16.786
cmjgjhqjo018iknhmrpidcxkb,calendar,2025-12-02 17:19:28.201
cmjgjhqhe017qknhmcn6as60c,school,2025-12-03 11:31:47.219
cmjgjhqgx017hknhm59obgadt,beautiful,2025-12-03 11:52:36.332
cmjgjhqf2016wknhmsh334wml,beautiful,2025-12-03 13:25:01.155
cmjgjhqbf015xknhmq8b6xsgk,believe,2025-12-03 17:12:30.443
cmjgjhq6v014yknhm1r5l1ykf,beautiful,2025-12-04 12:54:27.916
cmjgjhq6u014xknhm7hze3as8,school,2025-12-04 13:25:18.408
cmjgjhq3d0142knhmm7oyub7m,believe,2025-12-04 14:40:23.415
cmjgjhpnx00zgknhm13no894x,believe,2025-12-06 15:45:34.967
cmjgjhpk700yiknhmc6kxdtvf,apple,2025-12-07 05:28:07.438
cmjgjhpji00y5knhmpght5e02,beautiful,2025-12-08 10:59:56.123
cmjgjhpj300y0knhmu6doh97x,necessary,2025-12-08 11:03:42.609
cmjgjhpi500xyknhmgorm9uoa,necessary,2025-12-08 11:05:58.932
cmjgjhpds00wiknhm539mg04o,bubble,2025-12-08 14:24:09.592
cmjgjhpck00waknhm3rhdv3ue,bubble,2025-12-08 15:01:51.346
cmjgjhp4e00tuknhmz308mvpt,height,2025-12-09 14:39:06.536
cmjgjhp2b00t6knhmzqkk95bt,separate,2025-12-09 15:20:10.783
cmjgjhohe00neknhmhdhvk00k,brother,2025-12-11 14:16:39.079
cmjgjhoex00mpknhms1bmczsw,brother,2025-12-11 15:04:16.375
cmjgjhocc00lzknhmzacmbiix,brother,2025-12-11 16:36:38.732
cmjgjhnxc00ihknhma7l13og1,school,2025-12-13 10:39:42.035
cmjgjhntr00hmknhm2g6lth53,restaurant,2025-12-13 14:15:42.277
cmjgjhnnq00g0knhmmx70zgi4,balloon,2025-12-15 08:54:24.515
cmjgjhnky00f4knhmvbi4l6if,restaurant,2025-12-15 13:33:27.815
cmjgjhnf900dtknhmxpggz8fm,honest,2025-12-15 17:23:19.918
cmjgjhneo00dkknhmsugdkfzk,restaurant,2025-12-16 01:35:20.126
cmjgji4bo058kknhm3nj3pt0u,village,2025-12-21 20:31:09.256
cmjgjmk120001knjpc2yk8ap1,village,2025-12-22 02:34:58.407
cmji99b6q000bknercj7pfzmd,abroad,2025-12-23 07:20:16.611
cmjmcqrl90006kn7sebhhrrzt,balloon,2025-12-26 04:08:54.573
cmjmsk2440058kn7s0oij2gfc,restaurant,2025-12-26 11:31:35.477
cmjmskxkh005ckn7s9mkwd10i,balloon,2025-12-26 11:32:16.241
cmjmt8xmj005qkn7sixb48qgn,restaurant,2025-12-26 11:50:56.06
cmjmtrg4z006ekn7skatsdzx2,restaurant,2025-12-26 12:05:19.86
cmjmu64ws006wkn7s9bl8y8uc,balloon,2025-12-26 12:16:45.148
cmjmvogyg0088kn7s4oyd8ua5,restaurant,2025-12-26 12:59:00.184
cmjmw7n4p008ekn7sxj6u191x,honest,2025-12-26 13:13:54.65
cmjmwo1hy000pknv1c5h7tiwc,balloon,2025-12-26 13:26:39.766
cmjmwpmsq000zknv1ru0ul22m,balloon,2025-12-26 13:27:54.027
cmjmwzfav001qknv1gpfgxd2e,honest,2025-12-26 13:35:30.871
cmjmxcbwe002qknv1zh0gkxjo,restaurant,2025-12-26 13:45:32.99
cmjmyc4sg004wknv1jhfhq692,restaurant,2025-12-26 14:13:23.392
cmjmykrjh0054knv12dvme7u5,restaurant,2025-12-26 14:20:06.125
cmjn37m1r008gknv185qudpup,restaurant,2025-12-26 16:29:50.56
cmjn37qdv008kknv1jbm7fc5f,restaurant,2025-12-26 16:29:56.179
cmjn4pqbq00avknv1d6qwfbze,balloon,2025-12-26 17:11:55.526
cmjnqmybn00dgknv1t56ys5rs,restaurant,2025-12-27 03:25:37.475
cmjnsm00d0005kn8wz9qc33g0,balloon,2025-12-27 04:20:52.237
cmjnt045d0009kn8wz2bf7o12,balloon,2025-12-27 04:31:50.786
cmjnwlavv002tknojxes4574o,restaurant,2025-12-27 06:12:18.139
cmjo3xy470077knojtqougran,honest,2025-12-27 09:38:05.432
cmjo4s44l0087knoj32e6qk48,restaurant,2025-12-27 10:01:32.901
cmjo52zve008qknojww06vjso,balloon,2025-12-27 10:10:00.602
cmjo5p4ls0099knojdt8rgtbi,balloon,2025-12-27 10:27:13.169
cmjob4nks00akknojmcpg2yuj,restaurant,2025-12-27 12:59:15.676
cmjob9z1q00ayknojgwaa7wha,restaurant,2025-12-27 13:03:23.822
cmjoc8ef800ecknoj0qq2vzi1,balloon,2025-12-27 13:30:10.053
cmjoc99y300eeknojc16sckfd,restaurant,2025-12-27 13:30:50.907
cmjodco6q00fwknojkceyco0e,restaurant,2025-12-27 14:01:28.946
cmjodcoc500fyknojbg43uyhz,balloon,2025-12-27 14:01:29.141
cmjoejfmc00hgknoja9zj3015,balloon,2025-12-27 14:34:44.052
cmjofl09t00iqknojxt1wvhin,balloon,2025-12-27 15:03:57.089
cmjoiundd00lsknoj9z6ug91y,restaurant,2025-12-27 16:35:25.778
cmjp5i5eo00pcknojl3iko6rw,balloon,2025-12-28 03:09:33.792
cmjpav7kr00qwknoja5xq4dmy,restaurant,2025-12-28 05:39:41.211
cmjpcext500taknojxjfj06eu,restaurant,2025-12-28 06:23:01.29
cmjpd06ww00uqknojfd4lumyk,restaurant,2025-12-28 06:39:32.864
cmjpgnoe80013knrp4j3kiduy,restaurant,2025-12-28 08:21:47.456
cmjpldlao0059knrprztsdl75,restaurant,2025-12-28 10:33:54.961
cmjpmesg80073knrpxtq99a99,restaurant,2025-12-28 11:02:50.505
cmjpp0de4008hknrp5yefvqix,restaurant,2025-12-28 12:15:36.652
cmjqyp16o004qknlb4nzq6bj7,restaurant,2025-12-29 09:34:29.952
cmjqyuw4z005qknlbzswsr0xd,balloon,2025-12-29 09:39:03.347
cmjqzjbpe008dknlb6zbjy471,restaurant,2025-12-29 09:58:03.267
cmjqzsj4c009lknlbu7n6i18a,restaurant,2025-12-29 10:05:12.78
cmjqzyz5x00atknlbkmgyb6on,restaurant,2025-12-29 10:10:13.51
cmjr07sk800bsknlbbhyciact,balloon,2025-12-29 10:17:04.856
cmjr1o67f00cuknlbxet75m6t,restaurant,2025-12-29 10:57:48.651
cmjr2dqef00eaknlblk66ii3l,restaurant,2025-12-29 11:17:41.224
cmjr2lmv200ekknlbozefory8,balloon,2025-12-29 11:23:49.886
cmjr2waij00fbknlbo5dbrgw8,honest,2025-12-29 11:32:07.1
cmjr3a8vs00fxknlb554y22sp,restaurant,2025-12-29 11:42:58.169
cmjr418vh00hlknlbj5l8bgbw,restaurant,2025-12-29 12:03:57.869
cmjr4b9dn00ibknlbf2tnxlml,balloon,2025-12-29 12:11:45.083
cmjr4lbzx00irknlbjefjlspu,honest,2025-12-29 12:19:35.037
cmjr4pmx100j7knlb2pzpke8b,restaurant,2025-12-29 12:22:55.813
cmjr4x3t300jjknlb6mjsuw2n,balloon,2025-12-29 12:28:44.295
cmjr5i3ra00l7knlbq43irumo,restaurant,2025-12-29 12:45:04.006
cmjr5y2r400mxknlb5k4wxwu7,restaurant,2025-12-29 12:57:29.2
cmjr5yszf00n9knlboau3drc4,balloon,2025-12-29 12:58:03.196
cmjr62qvr00ocknlbykih0fwq,restaurant,2025-12-29 13:01:07.096
cmjr63mxh00olknlbeu22eng8,balloon,2025-12-29 13:01:48.629
cmjr662tx00ozknlbqjotzsx4,balloon,2025-12-29 13:03:42.549
cmjr6g5ua00qiknlbx8pckwb5,restaurant,2025-12-29 13:11:33.01
cmjr6xmfm00swknlbaggp03bo,restaurant,2025-12-29 13:25:07.667
cmjr76lxi00ugknlb9otvprt3,restaurant,2025-12-29 13:32:06.919
cmjr7ljuk00w2knlbsc4364gk,restaurant,2025-12-29 13:43:44.06
cmjr7xc9c00x2knlb19uprcxa,honest,2025-12-29 13:52:54.097
cmjr96ydk00zuknlbtylzsinq,restaurant,2025-12-29 14:28:22.281
cmjr9gav8010qknlbqs08sa0m,balloon,2025-12-29 14:35:38.372
cmjr9nxfl011gknlbx9m100le,balloon,2025-12-29 14:41:34.21
cmjr9wf8x012cknlb724k1ay5,balloon,2025-12-29 14:48:10.545
cmjr9wnql012eknlbt0unflrj,restaurant,2025-12-29 14:48:21.549
cmjrbaait0158knlb7v26nmm6,restaurant,2025-12-29 15:26:57.222
cmjrebjri0190knlbmjkvyt1u,restaurant,2025-12-29 16:51:54.702
cmjretzd401aiknlb04tsucbc,restaurant,2025-12-29 17:06:14.728
cmjrzkbgf01c0knlbz43biw8d,balloon,2025-12-30 02:46:35.775
cmjrzuowl01c4knlbh3nma1rh,restaurant,2025-12-30 02:54:39.765
cmjs52z9f01e4knlb2hik6531,restaurant,2025-12-30 05:21:04.516
cmjs530zv01e6knlbfhmoks1t,honest,2025-12-30 05:21:06.763
cmjsdolf201ioknlb0omr1z65,restaurant,2025-12-30 09:21:49.935
cmjsencwt01jdknlbbvx0y31y,restaurant,2025-12-30 09:48:51.869
cmjses5me01jhknlbvwscwlmj,balloon,2025-12-30 09:52:35.702
cmjsg2bz201knknlbzga3sbo7,balloon,2025-12-30 10:28:30.111
cmjsnp5cj025oknlbxar36in9,restaurant,2025-12-30 14:02:11.923
cmjsr5in402gaknlbjy8vts0n,honest,2025-12-30 15:38:54.496
cmjtv1z4m030wknlb5poxttm0,balloon,2025-12-31 10:15:53.879
cmjvg2eu200brknn1jnb1cvi7,balloon,2026-01-01 12:51:52.347
cmjwsxeai017yknn1vlflj31g,restaurant,2026-01-02 11:39:39.546
cmk12epm302uaknn1hr44bxyq,restaurant,2026-01-05 11:16:08.62
cmk2s323t03naknn1gbm6v7eh,add,2026-01-06 16:02:41.13
cmk42dtlc03yyknn1gv3ctyz4,balloon,2026-01-07 13:38:45.649
cmk5ewgx804d1knn1r8gnd0zu,restaurant,2026-01-08 12:16:57.261
cmk5hpo3j04hsknn15o8ebypo,balloon,2026-01-08 13:35:38.816
cmk5lg5hm04nwknn182g27sdk,restaurant,2026-01-08 15:20:13.258
cmk5n0cfa04poknn12rr8i03f,restaurant,2026-01-08 16:03:54.982
cmk6jv7ug04vhknn1ooqmbtg9,abroad,2026-01-09 07:23:43.097
cmkbakxve06h4knn1vfmaetd9,restaurant,2026-01-12 15:02:37.946
cmkcinin706rvknn13kz0ym1d,questionnaire,2026-01-13 11:36:21.283
cmkldcsgc00njknrvx5qpvyv6,restaurant,2026-01-19 16:17:58.285
cml67p526004es603c5kqluc7,morning,2026-02-03 06:22:46.494
cml7srgn90007s603ldo7jglh,honest,2026-02-04 09:00:12.933
cmlawss3j0047s603q6iwn3d6,good,2026-02-06 13:16:31.423
cmlb0id57006ws603soltiexx,table,2026-02-06 15:00:23.947
cmlb7ffcr003os603h4otvuxk,table,2026-02-06 18:14:04.155
cmlj2gq0a00cfs603rhpkfcdc,apple,2026-02-12 06:17:15.947
cmlkzeinu003is603roe0f7y3,table,2026-02-13 14:27:06.619
cmlme1bmu00mds6032hnm9uhn,morning,2026-02-14 14:04:31.398
cmlmet0ae00pks603qi101rzk,morning,2026-02-14 14:26:03.062
cmlmfjn5x00rus603p4tkxa0a,honest,2026-02-14 14:46:45.765
cmlmn3qvv006gs603tctqq09i,morning,2026-02-14 18:18:21.019
cmlq64ayt0014s603nvrxcipt,morning,2026-02-17 05:33:58.277
cmlqjq97l00fqs603bxsdbocj,restaurant,2026-02-17 11:54:57.441
cmlrwysdp00cps60361k4wsln,balloon,2026-02-18 10:53:16.717
cmltlkww5009xs603160dj3s9,morning,2026-02-19 15:10:05.956
cmlv01kry00q4s6034sjs0ugr,morning,2026-02-20 14:42:44.206
cmlxrdayh00wds603vs5h4s1h,morning,2026-02-22 13:03:13.338
cmlxxxo1c010bs603khj2rrjx,table,2026-02-22 16:07:01.104
cmlzdz9su001ns603pq0e8rjd,balloon,2026-02-23 16:23:55.998
cmlzeesih002ts60366lurmxt,morning,2026-02-23 16:36:00.089
cmlzh4kps000ds603lomk1vy4,morning,2026-02-23 17:52:02.272
cmlzjfm8o0009s6032nfph85f,restaurant,2026-02-23 18:56:36.696
cmlzjwefh001js603p1xfaijg,restaurant,2026-02-23 19:09:39.726
cmlzkbr4u001bs603dwjf7o6x,restaurant,2026-02-23 19:21:36.03
cmm0ifu0u00dks603c0iek5fx,restaurant,2026-02-24 11:16:33.343
cmm0qfxi000nps6031uiglqx4,morning,2026-02-24 15:00:34.777
cmm36fnbu00yrs603x2c0ji8i,morning,2026-02-26 08:03:47.802
cmm6szb9b00pqs603xu9uh615,hint,2026-02-28 20:58:15.359
cmm7g5s9l00djs603tkxnweav,morning,2026-03-01 07:47:08.505
cmm94i2ia003ys603abaweo3l,morning,2026-03-02 11:56:18.61
cmm95xrvm005us603q6dshn1v,morning,2026-03-02 12:36:30.946
cmm9do3ov00m2s603ewaoaoct,morning,2026-03-02 16:12:56.623
cmm9x2ovg00p2s603vly4bkni,morning,2026-03-03 01:16:09.964
cmmlzgmw201b6s603zbw42miz,train,2026-03-11 11:56:13.922
cmmmaw7ro01p8s603ik06jea0,morning,2026-03-11 17:16:16.596
cmmopr0b500ves603xml7x3rg,balloon,2026-03-13 09:47:40.241
cmmyvofx600qgs603piq3pa9j,morning,2026-03-20 12:31:19.963
cmmz408mn00x0s603y27w2sxr,balloon,2026-03-20 16:24:27.311
cmnaedsdh034us603t7enrl6n,happy,2026-03-28 14:00:23.525
cmnncmll705jzs603c58ayku4,morning,2026-04-06 15:32:15.691
cmnojwre306dcs603ozrauyzq,happy,2026-04-07 11:43:53.26